<?xml version="1.0" encoding="UTF-8"?>
<project-private xmlns="http://www.netbeans.org/ns/project-private/1">
    <editor-bookmarks xmlns="http://www.netbeans.org/ns/editor-bookmarks/2" lastBookmarkId="0"/>
    <open-files xmlns="http://www.netbeans.org/ns/projectui-open-files/2">
        <group>
            <file>file:/E:/Coding/Seemeter%203/UAS%20-%20SENDIRI/UAS_KHASBULLA/src/data/koneksi.java</file>
            <file>file:/E:/Coding/Seemeter%203/UAS%20-%20SENDIRI/UAS_KHASBULLA/src/data/uas_pbo1.java</file>
        </group>
    </open-files>
</project-private>
